{
  "analysis": {
    "z3_t_0.30": {
      "abs_t_difference": 0.014178596999329884,
      "bootstrap": {
        "abs_t_difference_ci95": [
          0.0007547360191118707,
          0.04484419469740436
        ],
        "abs_t_difference_mean": 0.016179848966265745,
        "t_from_q1_mean": 0.32230084691085154,
        "t_from_q2_mean": 0.3091995192479414
      },
      "leakage_probability": 0.0009765625,
      "physical_probs": [
        0.5634542567485037,
        0.213631366801026,
        0.22291437645047027
      ],
      "t_from_q1": 0.32327806951307275,
      "t_from_q2": 0.30909947251374287
    },
    "z3_t_0.60": {
      "abs_t_difference": 0.0033875630307339533,
      "bootstrap": {
        "abs_t_difference_ci95": [
          0.0006819346887370126,
          0.04465190239843178
        ],
        "abs_t_difference_mean": 0.016230627408267882,
        "t_from_q1_mean": 0.6167156358841696,
        "t_from_q2_mean": 0.6146049409911069
      },
      "leakage_probability": 0.000732421875,
      "physical_probs": [
        0.7596776163145683,
        0.11955061668091342,
        0.12077176700451826
      ],
      "t_from_q1": 0.6163847673281698,
      "t_from_q2": 0.6129972042974359
    },
    "z3_t_0.90": {
      "abs_t_difference": 0.004291904786681622,
      "bootstrap": {
        "abs_t_difference_ci95": [
          0.0014684311559721719,
          0.058189431651626496
        ],
        "abs_t_difference_mean": 0.02373089231081563,
        "t_from_q1_mean": 0.9184576607445236,
        "t_from_q2_mean": 0.9158155417007143
      },
      "leakage_probability": 0.00048828125,
      "physical_probs": [
        0.8862165791722623,
        0.056525454767427666,
        0.0572579660603101
      ],
      "t_from_q1": 0.9174234343995354,
      "t_from_q2": 0.9131315296128538
    }
  },
  "backend": "ibm_marrakesh",
  "experiment": "z3_discrete_heatkernel",
  "group": "z3",
  "mode": "hardware",
  "run_metadata": {
    "backend_name": "ibm_marrakesh",
    "job_id": "d6t4ic790okc73et0n4g",
    "mode": "hardware",
    "shots": 4096,
    "transpile_seed": 11
  },
  "spec": {
    "encoding_labels": [
      "q0",
      "q1",
      "q2"
    ],
    "group": "z3",
    "lambdas": [
      0.0,
      3.0,
      3.0
    ],
    "num_qubits": 2,
    "preferred_t_values": [
      0.3,
      0.6,
      0.9
    ],
    "target_ratio": 1.0
  },
  "t_values": [
    0.3,
    0.6,
    0.9
  ],
  "timestamp_utc": "2026-03-18T06:42:03.843585+00:00"
}
