{
  "backend": "ibm_marrakesh",
  "base_layout": {
    "assignment_matrix": [
      [
        0.99920654296875,
        0.00628662109375,
        0.01702880859375,
        6.103515625e-05
      ],
      [
        0.00018310546875,
        0.99365234375,
        0.0,
        0.01837158203125
      ],
      [
        0.0006103515625,
        0.0,
        0.98199462890625,
        0.00604248046875
      ],
      [
        0.0,
        6.103515625e-05,
        0.0009765625,
        0.97552490234375
      ]
    ],
    "assignment_matrix_condition_number": 1.035338484188994,
    "backend": "ibm_marrakesh",
    "initial_layout": [
      7,
      8
    ],
    "layout_label": "base_layout",
    "mitigated_full_probs": [
      0.7321393705018413,
      0.025161682532756753,
      0.24212954412416554,
      0.0005694028412363839
    ],
    "mitigated_metrics": {
      "abs_ratio_error": 0.1276108700073133,
      "abs_t_difference": 0.03827392064411261,
      "bootstrap": {
        "abs_t_difference_ci95": [
          0.02143064519963288,
          0.05822329244096058
        ],
        "abs_t_difference_mean": 0.038331371341617196,
        "fractional_delta_t_over_t_ci95": [
          -0.10166747768498159,
          -0.03678973511690337
        ],
        "fractional_delta_t_over_t_mean": -0.06611156231636443,
        "ratio_ci95": [
          1.8065013599104096,
          1.9277496112371124
        ],
        "ratio_mean": 1.8722585244276635,
        "t_from_sign_mean": 0.5610912475926071,
        "t_from_std_mean": 0.5994226189342242
      },
      "delta_sign_over_delta_std": 1.8723891299926867,
      "fractional_delta_t_over_t": -0.0659080819223116,
      "lambda_sign": 6.0,
      "lambda_std": 3.0,
      "leakage_probability": 0.0005694028412364105,
      "physical_probs": [
        0.732519922803356,
        0.02520424396155214,
        0.24227583323509186
      ],
      "t_from_sign": 0.5615796912295329,
      "t_from_std": 0.5998536118736455,
      "target_ratio": 2.0
    },
    "raw_full_counts": [
      12056,
      412,
      3903,
      13
    ],
    "raw_full_probs": [
      0.73583984375,
      0.025146484375,
      0.23822021484375,
      0.00079345703125
    ],
    "raw_metrics": {
      "abs_ratio_error": 0.14643052281573388,
      "abs_t_difference": 0.044438674724282534,
      "bootstrap": {
        "abs_t_difference_ci95": [
          0.024406076789324795,
          0.06253836468546639
        ],
        "abs_t_difference_mean": 0.04485457788700193,
        "fractional_delta_t_over_t_ci95": [
          -0.10739955536922953,
          -0.04108305114685326
        ],
        "fractional_delta_t_over_t_mean": -0.07679195096179096,
        "ratio_ci95": [
          1.7961477118185725,
          1.9194882022952529
        ],
        "ratio_mean": 1.85233598154896,
        "t_from_sign_mean": 0.5621046769842067,
        "t_from_std_mean": 0.6069592548712086
      },
      "delta_sign_over_delta_std": 1.8535694771842661,
      "fractional_delta_t_over_t": -0.07599734411573557,
      "lambda_sign": 6.0,
      "lambda_std": 3.0,
      "leakage_probability": 0.00079345703125,
      "physical_probs": [
        0.7363872346923195,
        0.025194686211635363,
        0.2384180790960452
      ],
      "t_from_sign": 0.5625205011328374,
      "t_from_std": 0.6069591758571199,
      "target_ratio": 2.0
    },
    "run_metadata": {
      "backend_name": "ibm_marrakesh",
      "initial_layout": [
        7,
        8
      ],
      "job_id": "d6t5c47gtkcc73cm9pd0",
      "mode": "hardware",
      "optimization_level": 1,
      "sampler_options": null,
      "shots": 16384,
      "transpile_seed": 11
    }
  },
  "experiment": "s3_diagnostic_bundle",
  "mode": "hardware",
  "optimization_level": 1,
  "reversed_layout": {
    "assignment_matrix": [
      [
        0.99932861328125,
        0.0301513671875,
        0.00665283203125,
        0.000244140625
      ],
      [
        0.00018310546875,
        0.96954345703125,
        0.0,
        0.00537109375
      ],
      [
        0.00048828125,
        0.0,
        0.99212646484375,
        0.03192138671875
      ],
      [
        0.0,
        0.00030517578125,
        0.001220703125,
        0.96246337890625
      ]
    ],
    "assignment_matrix_condition_number": 1.0557010784104928,
    "backend": "ibm_marrakesh",
    "initial_layout": [
      8,
      7
    ],
    "layout_label": "reversed_layout",
    "mitigated_full_probs": [
      0.7271911176536361,
      0.020699631918045906,
      0.2520550046456116,
      5.424578270639616e-05
    ],
    "mitigated_metrics": {
      "abs_ratio_error": 0.029910825913612715,
      "abs_t_difference": 0.008737002452487208,
      "bootstrap": {
        "abs_t_difference_ci95": [
          0.0005935724156709316,
          0.028986914147336458
        ],
        "abs_t_difference_mean": 0.010679006220914378,
        "fractional_delta_t_over_t_ci95": [
          -0.017054049214897143,
          0.04884855539769795
        ],
        "fractional_delta_t_over_t_mean": 0.014641708575910179,
        "ratio_ci95": [
          1.9661802843668237,
          2.1001434050109826
        ],
        "ratio_mean": 2.0297803072450202,
        "t_from_sign_mean": 0.5924402645999415,
        "t_from_std_mean": 0.5837891768069807
      },
      "delta_sign_over_delta_std": 2.0299108259136127,
      "fractional_delta_t_over_t": 0.014844410809924864,
      "lambda_sign": 6.0,
      "lambda_std": 3.0,
      "leakage_probability": 5.424578270640801e-05,
      "physical_probs": [
        0.7271945058214787,
        0.020729376146336895,
        0.2520761180321844
      ],
      "t_from_sign": 0.5929403593053607,
      "t_from_std": 0.5842033568528735,
      "target_ratio": 2.0
    },
    "raw_full_counts": [
      11944,
      331,
      4103,
      6
    ],
    "raw_full_probs": [
      0.72900390625,
      0.02020263671875,
      0.25042724609375,
      0.0003662109375
    ],
    "raw_metrics": {
      "abs_ratio_error": 0.03476583427146451,
      "abs_t_difference": 0.010207120504685974,
      "bootstrap": {
        "abs_t_difference_ci95": [
          0.0002668892448515481,
          0.03365699371508866
        ],
        "abs_t_difference_mean": 0.0120920889382656,
        "fractional_delta_t_over_t_ci95": [
          -0.01514245387485246,
          0.0561705855162603
        ],
        "fractional_delta_t_over_t_mean": 0.017070270806457778,
        "ratio_ci95": [
          1.9699429923009466,
          2.1155874822018315
        ],
        "ratio_mean": 2.0347974094091614,
        "t_from_sign_mean": 0.5976839429368619,
        "t_from_std_mean": 0.58752236057698
      },
      "delta_sign_over_delta_std": 2.0347658342714645,
      "fractional_delta_t_over_t": 0.01723313604777861,
      "lambda_sign": 6.0,
      "lambda_std": 3.0,
      "leakage_probability": 0.0003662109375,
      "physical_probs": [
        0.7292347141243628,
        0.020238713025428127,
        0.25052657285020913
      ],
      "t_from_sign": 0.5973997317899487,
      "t_from_std": 0.5871926112852627,
      "target_ratio": 2.0
    },
    "run_metadata": {
      "backend_name": "ibm_marrakesh",
      "initial_layout": [
        8,
        7
      ],
      "job_id": "d6t5cdvgtkcc73cm9pr0",
      "mode": "hardware",
      "optimization_level": 1,
      "sampler_options": null,
      "shots": 16384,
      "transpile_seed": 11
    }
  },
  "shots": 16384,
  "t_value": 0.6,
  "timestamp_utc": "2026-03-18T07:37:55.933341+00:00"
}
