{
  "analysis": {
    "s3_t_0.60": {
      "abs_ratio_error": 0.06574020490255128,
      "abs_t_difference": 0.019764720534962588,
      "bootstrap": {
        "abs_t_difference_ci95": [
          0.0027832256979802156,
          0.03774922712081798
        ],
        "abs_t_difference_mean": 0.019559576437713715,
        "fractional_delta_t_over_t_ci95": [
          -0.002693719095072859,
          0.061639175393696385
        ],
        "fractional_delta_t_over_t_mean": 0.03156365073234208,
        "ratio_ci95": [
          1.9946211833701708,
          2.1271985598410637
        ],
        "ratio_mean": 2.064447008440394,
        "t_from_sign_mean": 0.6204705645855805,
        "t_from_std_mean": 0.6011514527612587
      },
      "delta_sign_over_delta_std": 2.0657402049025513,
      "fractional_delta_t_over_t": 0.03233861564655819,
      "lambda_sign": 6.0,
      "lambda_std": 3.0,
      "leakage_probability": 0.0001220703125,
      "physical_probs": [
        0.738883632923368,
        0.017792291024506364,
        0.2433240760521256
      ],
      "t_from_sign": 0.6210625279957233,
      "t_from_std": 0.6012978074607607,
      "target_ratio": 2.0
    }
  },
  "backend": "ibm_marrakesh",
  "experiment": "s3_discrete_heatkernel",
  "group": "s3",
  "mode": "hardware",
  "prep_mode": "generic",
  "run_metadata": {
    "backend_name": "ibm_marrakesh",
    "initial_layout": [
      8,
      7
    ],
    "job_id": "d6t5csmsh9gc73di8e8g",
    "mode": "hardware",
    "optimization_level": 1,
    "sampler_options": null,
    "shots": 16384,
    "transpile_seed": 17
  },
  "spec": {
    "dimensions": [
      1.0,
      1.0,
      2.0
    ],
    "encoding_labels": [
      "triv",
      "sign",
      "std"
    ],
    "group": "s3",
    "lambdas": [
      0.0,
      6.0,
      3.0
    ],
    "logical_indices": [
      0,
      1,
      2
    ],
    "num_qubits": 2,
    "preferred_t_values": [
      0.3,
      0.6,
      0.9
    ],
    "target_ratio": 2.0
  },
  "t_values": [
    0.6
  ],
  "timestamp_utc": "2026-03-18T07:38:37.045397+00:00"
}
