{
  "analysis": {
    "z5_t_0.90": {
      "abs_ratio_error": 0.06822321438094647,
      "abs_t_difference": 0.02382072672065272,
      "bootstrap": {
        "abs_t_difference_ci95": [
          0.0056965559425311285,
          0.044377997761080305
        ],
        "abs_t_difference_mean": 0.02421245184226757,
        "ratio_ci95": [
          2.4919447239539365,
          2.6022660542845037
        ],
        "ratio_mean": 2.5493660661781044,
        "t_from_lambda1_mean": 0.9145964751259958,
        "t_from_lambda2_mean": 0.8905393268372815
      },
      "delta2_over_delta1": 2.5498107743689484,
      "leakage_probability": 0.003082275390625,
      "physical_probs": [
        0.6077993235280613,
        0.17868348153476485,
        0.025727360382007684,
        0.022788839743491635,
        0.1650009948116745
      ],
      "t_from_lambda1": 0.9141092626208537,
      "t_from_lambda2": 0.890288535900201,
      "target_ratio_phi_squared": 2.618033988749895
    }
  },
  "backend": "ibm_marrakesh",
  "experiment": "z5_discrete_heatkernel",
  "group": "z5",
  "mode": "hardware",
  "prep_mode": "generic",
  "run_metadata": {
    "backend_name": "ibm_marrakesh",
    "initial_layout": null,
    "job_id": "d6t50e790okc73et186g",
    "mode": "hardware",
    "optimization_level": 1,
    "sampler_options": null,
    "shots": 32768,
    "transpile_seed": 11
  },
  "spec": {
    "dimensions": [
      1.0,
      1.0,
      1.0,
      1.0,
      1.0
    ],
    "encoding_labels": [
      "q0",
      "q1",
      "q2",
      "q3",
      "q4"
    ],
    "group": "z5",
    "lambdas": [
      0.0,
      1.381966011250105,
      3.618033988749895,
      3.618033988749895,
      1.381966011250105
    ],
    "logical_indices": [
      0,
      1,
      2,
      3,
      4
    ],
    "num_qubits": 3,
    "preferred_t_values": [
      0.3,
      0.6,
      0.9
    ],
    "target_ratio": 2.618033988749895
  },
  "t_values": [
    0.9
  ],
  "timestamp_utc": "2026-03-18T07:12:06.986754+00:00"
}
