{
  "analysis": {
    "z5_t_0.30": {
      "abs_ratio_error": 0.020653249143556263,
      "abs_t_difference": 0.0025069600763218958,
      "bootstrap": {
        "abs_t_difference_ci95": [
          0.0005923846902854815,
          0.04725184482754456
        ],
        "abs_t_difference_mean": 0.016872064962996654,
        "ratio_ci95": [
          2.3080534804893813,
          2.971655411000727
        ],
        "ratio_mean": 2.6007451145611262,
        "t_from_lambda1_mean": 0.3191096077861921,
        "t_from_lambda2_mean": 0.31559030078772715
      },
      "delta2_over_delta1": 2.5973807396063386,
      "leakage_probability": 0.0029296875,
      "physical_probs": [
        0.3414902728496268,
        0.22721155022635506,
        0.11758228312737061,
        0.1006974183286431,
        0.2130184754680044
      ],
      "t_from_lambda1": 0.3177856734613347,
      "t_from_lambda2": 0.3152787133850128,
      "target_ratio_phi_squared": 2.618033988749895
    },
    "z5_t_0.60": {
      "abs_ratio_error": 0.1202694654905132,
      "abs_t_difference": 0.02683439743928795,
      "bootstrap": {
        "abs_t_difference_ci95": [
          0.001980499607158451,
          0.07793886535387075
        ],
        "abs_t_difference_mean": 0.030057865418599925,
        "ratio_ci95": [
          2.549926446575366,
          3.002675049770779
        ],
        "ratio_mean": 2.7456770057023907,
        "t_from_lambda1_mean": 0.5825199937781804,
        "t_from_lambda2_mean": 0.6101268809053669
      },
      "delta2_over_delta1": 2.738303454240408,
      "leakage_probability": 0.00390625,
      "physical_probs": [
        0.4736068585425597,
        0.21004286589099816,
        0.05303123086344152,
        0.050826699326393145,
        0.21249234537660747
      ],
      "t_from_lambda1": 0.5841330073028419,
      "t_from_lambda2": 0.6109674047421298,
      "target_ratio_phi_squared": 2.618033988749895
    },
    "z5_t_0.90": {
      "abs_ratio_error": 0.03946349608235922,
      "abs_t_difference": 0.013715084811607214,
      "bootstrap": {
        "abs_t_difference_ci95": [
          0.0012922863699469324,
          0.0656960185732083
        ],
        "abs_t_difference_mean": 0.024945776464081925,
        "ratio_ci95": [
          2.4367756200154176,
          2.729501448034017
        ],
        "ratio_mean": 2.5801274557160063,
        "t_from_lambda1_mean": 0.9093257779034019,
        "t_from_lambda2_mean": 0.8956684910531648
      },
      "delta2_over_delta1": 2.5785704926675357,
      "leakage_probability": 0.00244140625,
      "physical_probs": [
        0.6071909013085484,
        0.17940564999388528,
        0.024825730708083648,
        0.02262443438914027,
        0.16595328360034242
      ],
      "t_from_lambda1": 0.9098676437698026,
      "t_from_lambda2": 0.8961525589581953,
      "target_ratio_phi_squared": 2.618033988749895
    }
  },
  "backend": "ibm_marrakesh",
  "experiment": "z5_discrete_heatkernel",
  "group": "z5",
  "mode": "hardware",
  "run_metadata": {
    "backend_name": "ibm_marrakesh",
    "job_id": "d6t4iiv90okc73et0nbg",
    "mode": "hardware",
    "shots": 4096,
    "transpile_seed": 11
  },
  "spec": {
    "encoding_labels": [
      "q0",
      "q1",
      "q2",
      "q3",
      "q4"
    ],
    "group": "z5",
    "lambdas": [
      0.0,
      1.381966011250105,
      3.618033988749895,
      3.618033988749895,
      1.381966011250105
    ],
    "num_qubits": 3,
    "preferred_t_values": [
      0.3,
      0.6,
      0.9
    ],
    "target_ratio": 2.618033988749895
  },
  "t_values": [
    0.3,
    0.6,
    0.9
  ],
  "timestamp_utc": "2026-03-18T06:42:30.264789+00:00"
}
