{
  "analysis": {
    "z5_t_0.30": {
      "abs_ratio_error": 0.16487219274528986,
      "abs_t_difference": 0.019867443567113174,
      "bootstrap": {
        "abs_t_difference_ci95": [
          0.0008801499176952027,
          0.054940417686407304
        ],
        "abs_t_difference_mean": 0.02241126146119377,
        "ratio_ci95": [
          2.206160670002807,
          2.8218725301224095
        ],
        "ratio_mean": 2.480811022250069,
        "t_from_lambda1_mean": 0.31380226909179604,
        "t_from_lambda2_mean": 0.29615207677768446
      },
      "delta2_over_delta1": 2.453161796004605,
      "leakage_probability": 0.002197265625,
      "physical_probs": [
        0.33561560092920895,
        0.22044259689448586,
        0.12434282919672332,
        0.10600317887272283,
        0.21359579410685903
      ],
      "t_from_lambda1": 0.3154785634993537,
      "t_from_lambda2": 0.29561111993224054,
      "target_ratio_phi_squared": 2.618033988749895
    },
    "z5_t_0.60": {
      "abs_ratio_error": 0.25972076035966296,
      "abs_t_difference": 0.05559732578400134,
      "bootstrap": {
        "abs_t_difference_ci95": [
          0.0070971982445883685,
          0.10434084919310789
        ],
        "abs_t_difference_mean": 0.05678444595110238,
        "ratio_ci95": [
          2.6413352790455322,
          3.1219435032759675
        ],
        "ratio_mean": 2.8874453694493356,
        "t_from_lambda1_mean": 0.5601081373870817,
        "t_from_lambda2_mean": 0.6167052603208224
      },
      "delta2_over_delta1": 2.877754749109558,
      "leakage_probability": 0.002197265625,
      "physical_probs": [
        0.4679056119329991,
        0.22044259689448586,
        0.0487834698618413,
        0.05196234258466805,
        0.2109059787260056
      ],
      "t_from_lambda1": 0.5604314741130048,
      "t_from_lambda2": 0.6160287998970061,
      "target_ratio_phi_squared": 2.618033988749895
    },
    "z5_t_0.90": {
      "abs_ratio_error": 0.030772837474422055,
      "abs_t_difference": 0.010420855157773024,
      "bootstrap": {
        "abs_t_difference_ci95": [
          0.0010684915474137137,
          0.06875505336138496
        ],
        "abs_t_difference_mean": 0.02309377437144858,
        "ratio_ci95": [
          2.501453391112531,
          2.8271930373758565
        ],
        "ratio_mean": 2.6537564247759335,
        "t_from_lambda1_mean": 0.8852451931474324,
        "t_from_lambda2_mean": 0.8968484051975342
      },
      "delta2_over_delta1": 2.648806826224317,
      "leakage_probability": 0.00390625,
      "physical_probs": [
        0.6004898958971219,
        0.1801592161665646,
        0.02510716472749541,
        0.021677893447642375,
        0.17256582976117574
      ],
      "t_from_lambda1": 0.8865660509066255,
      "t_from_lambda2": 0.8969869060643986,
      "target_ratio_phi_squared": 2.618033988749895
    }
  },
  "backend": "ibm_marrakesh",
  "experiment": "z5_discrete_heatkernel",
  "group": "z5",
  "mode": "hardware",
  "prep_mode": "generic",
  "run_metadata": {
    "backend_name": "ibm_marrakesh",
    "initial_layout": null,
    "job_id": "d6t4rkjbjfas73fp65m0",
    "mode": "hardware",
    "shots": 4096,
    "transpile_seed": 17
  },
  "spec": {
    "dimensions": [
      1.0,
      1.0,
      1.0,
      1.0,
      1.0
    ],
    "encoding_labels": [
      "q0",
      "q1",
      "q2",
      "q3",
      "q4"
    ],
    "group": "z5",
    "lambdas": [
      0.0,
      1.381966011250105,
      3.618033988749895,
      3.618033988749895,
      1.381966011250105
    ],
    "logical_indices": [
      0,
      1,
      2,
      3,
      4
    ],
    "num_qubits": 3,
    "preferred_t_values": [
      0.3,
      0.6,
      0.9
    ],
    "target_ratio": 2.618033988749895
  },
  "t_values": [
    0.3,
    0.6,
    0.9
  ],
  "timestamp_utc": "2026-03-18T07:01:48.784730+00:00"
}
