{
  "analysis": {
    "z5_t_0.30": {
      "abs_ratio_error": 0.10819418178130435,
      "abs_t_difference": 0.012742023595220586,
      "bootstrap": {
        "abs_t_difference_ci95": [
          0.000695062685705325,
          0.0573343706183484
        ],
        "abs_t_difference_mean": 0.020952033810490114,
        "ratio_ci95": [
          2.3817636808057867,
          3.1649943004584706
        ],
        "ratio_mean": 2.738069751970391,
        "t_from_lambda1_mean": 0.3080213339625385,
        "t_from_lambda2_mean": 0.32025538008454957
      },
      "delta2_over_delta1": 2.7262281705311993,
      "leakage_probability": 0.01025390625,
      "physical_probs": [
        0.341057561937631,
        0.21015653888820413,
        0.11130284728213978,
        0.10218168371749045,
        0.2353013681745347
      ],
      "t_from_lambda1": 0.3083257371932454,
      "t_from_lambda2": 0.321067760788466,
      "target_ratio_phi_squared": 2.618033988749895
    },
    "z5_t_0.60": {
      "abs_ratio_error": 0.21127458381294772,
      "abs_t_difference": 0.05211754726775686,
      "bootstrap": {
        "abs_t_difference_ci95": [
          0.009541920685489846,
          0.0965269808826138
        ],
        "abs_t_difference_mean": 0.05297805428916281,
        "ratio_ci95": [
          2.2397701705594164,
          2.5776587043360095
        ],
        "ratio_mean": 2.4058570016262903,
        "t_from_lambda1_mean": 0.6453803416898435,
        "t_from_lambda2_mean": 0.5924709591284628
      },
      "delta2_over_delta1": 2.406759404936947,
      "leakage_probability": 0.006591796875,
      "physical_probs": [
        0.48716689180891565,
        0.1919440009824389,
        0.05194645707970036,
        0.06177084612550657,
        0.20717180400343854
      ],
      "t_from_lambda1": 0.6458207499207224,
      "t_from_lambda2": 0.5937032026529655,
      "target_ratio_phi_squared": 2.618033988749895
    },
    "z5_t_0.90": {
      "abs_ratio_error": 0.15698846027847857,
      "abs_t_difference": 0.05374308881614509,
      "bootstrap": {
        "abs_t_difference_ci95": [
          0.005761393689291218,
          0.10820214167094741
        ],
        "abs_t_difference_mean": 0.05349156119752583,
        "ratio_ci95": [
          2.317052515282156,
          2.6298357539279573
        ],
        "ratio_mean": 2.465889042357073,
        "t_from_lambda1_mean": 0.8956790835670597,
        "t_from_lambda2_mean": 0.8430679542496793
      },
      "delta2_over_delta1": 2.4610455284714163,
      "leakage_probability": 0.00537109375,
      "physical_probs": [
        0.5972034833803508,
        0.16202624800686863,
        0.026861278057156875,
        0.02980497976205078,
        0.18410401079357291
      ],
      "t_from_lambda1": 0.8962520743976023,
      "t_from_lambda2": 0.8425089855814573,
      "target_ratio_phi_squared": 2.618033988749895
    }
  },
  "backend": "ibm_fez",
  "experiment": "z5_discrete_heatkernel",
  "group": "z5",
  "mode": "hardware",
  "run_metadata": {
    "backend_name": "ibm_fez",
    "job_id": "d6t4ipvgtkcc73cm8qg0",
    "mode": "hardware",
    "shots": 4096,
    "transpile_seed": 17
  },
  "spec": {
    "encoding_labels": [
      "q0",
      "q1",
      "q2",
      "q3",
      "q4"
    ],
    "group": "z5",
    "lambdas": [
      0.0,
      1.381966011250105,
      3.618033988749895,
      3.618033988749895,
      1.381966011250105
    ],
    "num_qubits": 3,
    "preferred_t_values": [
      0.3,
      0.6,
      0.9
    ],
    "target_ratio": 2.618033988749895
  },
  "t_values": [
    0.3,
    0.6,
    0.9
  ],
  "timestamp_utc": "2026-03-18T06:43:15.434780+00:00"
}
